{"XGB66889908": {"acc_score": 0.800563683163975, "pre_score": 0.0009949409780775716, "rec_score": 0.14390243902439023, "f1_score": 0.0019762183888795844, "confusion_labels": [0, 1], "confusion_matrix": [[23, 59], [19475, 11801]], "feature_name": ["\ucf54\ud0b9\uac70\ub9ac (mm).2", "\ucd95\ubd80 GREASE \ub3c4\ud3ec\ub7c9(g).2", "BRG SERVO PRESS \uc555\uc785\ub825 (Kgf).2", "\uc5ed\uc804 \uc12d\ub3d9 \ud558\uc911(Kgf)(\uc804\uccb4)(RH \ubc29\ud5a5 \uce21\uc815).2", "\ub77d \ub108\ud2b8 \uccb4\uacb0 \uac01\ub3c4.2", "LOCK RING \ucf54\ud0b9\ub7c9.2", "YOKE \uc555\uc785\uae4a\uc774(mm).2", "RACK BAR \ube44\ud2c0\ub9bc(kgf.m) (RH \ubc29\ud5a5 \uc791\uc5c5).2", "\uc5ed\uc804 \uc12d\ub3d9 \ud558\uc911(Kgf)(\uc120\ud0dd)(RH \ubc29\ud5a5 \uce21\uc815).2", "\uc694\ud06c\uc720\uaca91.2", "LOCK RING SERVO PRESS \uc555\uc785\uae4a\uc774 (mm).2", "\uc5ed\uc804 \uc12d\ub3d9 \ud558\uc911(Kgf)(\uc804\uccb4)(LH \ubc29\ud5a5 \uce21\uc815).2", "PINION PLUG LVDT \ub192\uc774.2", "BRG SERVO PRESS \uc555\uc785\uae4a\uc774 (mm).2_x", "\uc5ed\uc804 \uc12d\ub3d9 \ud558\uc911(Kgf)(\uc120\ud0dd)(LH \ubc29\ud5a5 \uce21\uc815).2", "\uce58\uc808\ubd80 GREASE \ub3c4\ud3ec\ub7c9(g).2", "\ub799\ubc14 LOADCELL \uc555\uc785\ub825 (kgf).2", "\ub799P\ubd80\uc26c \uc555\uc785\ub825.2", "LOCK RING \ucf54\ud0b9 \ub192\uc774.2", "BRG SERVO PRESS \uc555\uc785\ub825 (kgf).2", "\ucf54\ud0b9\ud558\uc911 (Kgf).2", "PINION PLUG NUT RUNNER TORQUE (Kgf.m).2", "LOCK RING SERVO PRESS \uc555\uc785\ub825 (Kgf).2", "\ubc14\ucf54\ub4dc\ubc88\ud638"], "feature_imp": [0.08267556130886078, 0.05150645971298218, 0.04797229543328285, 0.046372853219509125, 0.04267261549830437, 0.04220666363835335, 0.04201892763376236, 0.04176304116845131, 0.04174014553427696, 0.04170672595500946, 0.0414464958012104, 0.041123975068330765, 0.04105691984295845, 0.04097554832696915, 0.04042302817106247, 0.040376123040914536, 0.04032145440578461, 0.04004963859915733, 0.03979169577360153, 0.03920982405543327, 0.039060670882463455, 0.038292400538921356, 0.03723696619272232, 0.0]}}