{"XGB5373817263825768": {"acc_score": 0.8944761785198668, "f1_score": 0.861209288979073, "confusion_labels": [0, 1], "confusion_matrix": [[7, 62], [102, 8]], "feature_name": ["Sex", "Ticket", "Pclass", "Cabin", "SibSp", "Fare", "Parch", "Age", "Embarked", "date", "Name", "PassengerId"], "feature_imp": [0.3604820966720581, 0.18182381987571716, 0.15273308753967285, 0.053937382996082306, 0.053429294377565384, 0.05226197838783264, 0.0517367348074913, 0.05026978254318237, 0.04332578927278519, 0.0, 0.0, 0.0]}}